ID	adj.P.Val	P.Value	t	B	logFC	Gene.symbol	Gene.title
208720_s_at	6.79e-18	1.49e-21	-15.574538	38.387307	-1.5169683	RBM39	RNA binding motif protein 39
204170_s_at	1.56e-14	8.54e-18	-12.696176	30.111618	-3.0691677	CKS2	CDC28 protein kinase regulatory subunit 2
201664_at	4.32e-14	3.07e-17	-12.298569	28.879243	-1.6969916	SMC4	structural maintenance of chromosomes 4
218355_at	6.32e-14	4.84e-17	-12.158284	28.439198	-2.145975	KIF4A	kinesin family member 4A
209642_at	3.81e-12	5.21e-15	-10.760757	23.908425	-1.8502768	BUB1	BUB1 mitotic checkpoint serine/threonine kinase
206364_at	6.6e-12	9.75e-15	-10.578773	23.299253	-1.4835731	KIF14	kinesin family member 14
211621_at	7.5e-12	1.19e-14	-10.521209	23.10568	-2.1671992	AR	androgen receptor
213226_at	1.4e-11	2.3e-14	-10.331078	22.463328	-1.6866997	CCNA2	cyclin A2
208775_at	2.28e-11	4.23e-14	-10.156865	21.870795	-1.0182985	XPO1	exportin 1
212058_at	2.28e-11	4.36e-14	-10.148281	21.8415	-1.0831451	U2SURP	U2 snRNP associated SURP domain containing
209172_s_at	4.19e-11	9.4e-14	-9.930418	21.09508	-1.5524	CENPF	centromere protein F
203358_s_at	1.12e-10	2.81e-13	-9.621642	20.027639	-1.7879423	EZH2	enhancer of zeste 2 polycomb repressive complex 2 subunit
203554_x_at	1.31e-10	3.43e-13	-9.565997	19.834123	-1.4994448	PTTG1	pituitary tumor-transforming 1
201291_s_at	1.64e-10	4.58e-13	-9.485309	19.552913	-2.2021768	TOP2A	topoisomerase (DNA) II alpha
222077_s_at	2.03e-10	5.87e-13	-9.41571	19.309781	-1.7564731	RACGAP1	Rac GTPase activating protein 1
201558_at	2.24e-10	6.72e-13	-9.378196	19.178518	-1.0550206	RAE1	ribonucleic acid export 1
218755_at	2.36e-10	7.21e-13	-9.358508	19.109571	-2.2204564	KIF20A	kinesin family member 20A
206571_s_at	2.88e-10	9.13e-13	-9.292904	18.879527	-1.6743092	MAP4K4	mitogen-activated protein kinase kinase kinase kinase 4
212036_s_at	3.65e-10	1.18e-12	-9.222163	18.630974	-1.345434	PNN	pinin, desmosome associated protein
219918_s_at	3.79e-10	1.24e-12	-9.207057	18.57783	-2.1542065	ASPM	abnormal spindle microtubule assembly
204962_s_at	4.14e-10	1.52e-12	-9.152117	18.384362	-1.5264435	SLC35F6///CENPA	solute carrier family 35 member F6///centromere protein A
208079_s_at	6.68e-10	2.67e-12	-8.996383	17.834338	-1.9291566	AURKA	aurora kinase A
209408_at	7.12e-10	2.9e-12	-8.973658	17.753882	-1.1690543	KIF2C	kinesin family member 2C
208808_s_at	7.12e-10	2.92e-12	-8.971344	17.745688	-1.4482444	HMGB2	high mobility group box 2
201292_at	8.02e-10	3.33e-12	-8.934844	17.616356	-2.4288058	TOP2A	topoisomerase (DNA) II alpha
221676_s_at	9.55e-10	4.07e-12	-8.87976	17.420942	-1.4044376	CORO1C	coronin 1C
201088_at	9.69e-10	4.29e-12	-8.86551	17.37034	-1.5353714	KPNA2	karyopherin subunit alpha 2
204510_at	1.18e-09	5.62e-12	-8.79137	17.106797	-1.2308187	CDC7	cell division cycle 7
204092_s_at	1.33e-09	6.69e-12	-8.743698	16.937083	-1.9300115	AURKA	aurora kinase A
212021_s_at	1.72e-09	9.06e-12	-8.660668	16.641027	-1.4129406	MKI67	marker of proliferation Ki-67
212944_at	1.72e-09	9.12e-12	-8.658951	16.634898	-1.3129724	SLC5A3	solute carrier family 5 member 3
213350_at	1.78e-09	9.62e-12	8.644132	16.581999	2.3013656	RPS11	ribosomal protein S11
212977_at	2.37e-09	1.39e-11	-8.544637	16.226356	-1.9238356	ACKR3	atypical chemokine receptor 3
201584_s_at	2.4e-09	1.42e-11	-8.538019	16.202669	-1.1543618	DDX39A	DEAD-box helicase 39A
211110_s_at	3.33e-09	2.02e-11	-8.441381	15.856448	-2.4145442	AR	androgen receptor
219588_s_at	3.55e-09	2.19e-11	-8.419521	15.778035	-1.5404668	NCAPG2	non-SMC condensin II complex subunit G2
218039_at	3.55e-09	2.22e-11	-8.416765	15.768146	-1.8984038	NUSAP1	nucleolar and spindle associated protein 1
214724_at	3.87e-09	2.45e-11	8.389151	15.669035	2.1803463	DIXDC1	DIX domain containing 1
202580_x_at	4.76e-09	3.08e-11	-8.326975	15.445682	-1.5314528	FOXM1	forkhead box M1
209780_at	4.76e-09	3.1e-11	-8.325751	15.441282	-1.6211482	PHTF2	putative homeodomain transcription factor 2
203418_at	5.19e-09	3.43e-11	-8.298339	15.342722	-1.4158769	CCNA2	cyclin A2
213642_at	5.19e-09	3.43e-11	8.297897	15.34113	1.8392722		
202589_at	5.72e-09	3.9e-11	-8.263219	15.216373	-1.5793802	TYMS	thymidylate synthetase
219158_s_at	5.87e-09	4.08e-11	-8.250871	15.17193	-1.282737	NAA15	N(alpha)-acetyltransferase 15, NatA auxiliary subunit
203214_x_at	5.92e-09	4.15e-11	-8.246559	15.156409	-1.563695	CDK1	cyclin dependent kinase 1
206102_at	8.32e-09	5.96e-11	-8.1482	14.80202	-1.6421871	GINS1	GINS complex subunit 1
202095_s_at	8.4e-09	6.06e-11	-8.143465	14.784943	-1.7491057	BIRC5	baculoviral IAP repeat containing 5
213532_at	9.27e-09	6.88e-11	-8.109398	14.662051	-1.0756989	ADAM17	ADAM metallopeptidase domain 17
212044_s_at	9.27e-09	6.92e-11	8.107593	14.655537	1.1543584	RPL27A	ribosomal protein L27a
208795_s_at	9.36e-09	7.06e-11	-8.102282	14.636372	-1.1234227	MCM7	minichromosome maintenance complex component 7
201512_s_at	1.2e-08	9.61e-11	-8.018976	14.33554	-1.3151923	TOMM70	translocase of outer mitochondrial membrane 70
207828_s_at	1.23e-08	9.93e-11	-8.009962	14.302964	-1.8454533	CENPF	centromere protein F
210052_s_at	1.24e-08	1.01e-10	-8.004379	14.282787	-1.942114	TPX2	TPX2, microtubule nucleation factor
204825_at	1.26e-08	1.03e-10	-7.999747	14.266047	-1.7738748	MELK	maternal embryonic leucine zipper kinase
202503_s_at	1.26e-08	1.04e-10	-7.997304	14.257215	-1.5326967	KIAA0101	KIAA0101
212037_at	1.88e-08	1.63e-10	-7.876106	13.818754	-1.1100839	PNN	pinin, desmosome associated protein
212023_s_at	2.18e-08	1.94e-10	-7.829522	13.650038	-1.4844145	MKI67	marker of proliferation Ki-67
203764_at	2.4e-08	2.16e-10	-7.800428	13.544616	-1.5769884	DLGAP5	DLG associated protein 5
221677_s_at	2.41e-08	2.19e-10	-7.79645	13.530199	-1.3474016	DONSON	downstream neighbor of SON
214697_s_at	2.96e-08	2.78e-10	-7.732338	13.29776	-1.4322084	PTBP3	polypyrimidine tract binding protein 3
201663_s_at	4.46e-08	4.49e-10	-7.6037	12.830915	-1.6214412	SMC4	structural maintenance of chromosomes 4
218984_at	4.79e-08	4.9e-10	-7.580006	12.744869	-1.0285056	PUS7	pseudouridylate synthase 7 (putative)
210559_s_at	4.97e-08	5.11e-10	-7.568871	12.704424	-1.6765835	CDK1	cyclin dependent kinase 1
211783_s_at	5.35e-08	5.53e-10	-7.54746	12.626646	-1.0888722	MTA1	metastasis associated 1
204444_at	5.59e-08	5.87e-10	-7.531391	12.568268	-1.30134	KIF11	kinesin family member 11
219481_at	5.64e-08	5.95e-10	-7.527756	12.55506	-1.26703	TTC13	tetratricopeptide repeat domain 13
203625_x_at	5.74e-08	6.09e-10	-7.521515	12.532385	-1.2206351	SKP2	S-phase kinase-associated protein 2, E3 ubiquitin protein ligase
209190_s_at	6.22e-08	6.87e-10	-7.489038	12.414362	-1.0494205	DIAPH1	diaphanous related formin 1
203145_at	7.36e-08	8.53e-10	-7.431104	12.20377	-1.2598162	SPAG5	sperm associated antigen 5
206316_s_at	7.72e-08	9.03e-10	-7.415629	12.147508	-1.359599	KNTC1	kinetochore associated 1
218399_s_at	9.32e-08	1.12e-09	-7.35763	11.936601	-0.8398319	CDCA4	cell division cycle associated 4
222039_at	1.04e-07	1.27e-09	-7.324088	11.814602	-1.5413193	KIF18B	kinesin family member 18B
204478_s_at	1.08e-07	1.34e-09	-7.309917	11.763058	-0.6999477	RABIF	RAB interacting factor
209444_at	1.15e-07	1.43e-09	-7.291581	11.696359	-1.1128732	RAP1GDS1	Rap1 GTPase-GDP dissociation stimulator 1
219459_at	1.19e-07	1.5e-09	-7.280275	11.655229	-0.7435839	POLR3B	RNA polymerase III subunit B
203755_at	1.58e-07	2.1e-09	-7.188907	11.322819	-1.3528326	BUB1B	BUB1 mitotic checkpoint serine/threonine kinase B
215483_at	1.61e-07	2.15e-09	-7.18279	11.300563	-1.6299318	AKAP9	A-kinase anchoring protein 9
218521_s_at	1.8e-07	2.46e-09	-7.146998	11.17034	-1.2868261	UBE2W	ubiquitin conjugating enzyme E2 W (putative)
220099_s_at	1.86e-07	2.55e-09	-7.137532	11.135896	-0.9164351	C7orf55-LUC7L2///LUC7L2	C7orf55-LUC7L2 readthrough///LUC7 like 2, pre-mRNA splicing factor
208648_at	1.87e-07	2.59e-09	-7.132669	11.118203	-0.8043035	VCP	valosin containing protein
211042_x_at	2e-07	2.8e-09	-7.111955	11.042838	-0.9180927	MIR6756///MCAM	microRNA 6756///melanoma cell adhesion molecule
212022_s_at	2.46e-07	3.54e-09	-7.049288	10.814844	-1.9267548	MKI67	marker of proliferation Ki-67
213647_at	2.67e-07	3.88e-09	-7.02461	10.725065	-1.1107768	DNA2	DNA replication helicase/nuclease 2
205834_s_at	3.15e-07	4.71e-09	6.972809	10.536642	1.5442106	PART1	prostate androgen-regulated transcript 1 (non-protein coding)
218009_s_at	4.65e-07	7.34e-09	-6.853521	10.102888	-1.3686337	PRC1	protein regulator of cytokinesis 1
219530_at	4.87e-07	7.8e-09	-6.837372	10.044191	-0.8711926	PALB2	partner and localizer of BRCA2
202059_s_at	5.01e-07	8.1e-09	-6.826935	10.006256	-1.0219907	KPNA1	karyopherin subunit alpha 1
218482_at	5.18e-07	8.5e-09	-6.814066	9.959491	-1.0409377	ENY2	ENY2, transcription and export complex 2 subunit
202094_at	5.33e-07	8.77e-09	-6.805801	9.929455	-1.3133988	BIRC5	baculoviral IAP repeat containing 5
201593_s_at	5.34e-07	8.82e-09	-6.804102	9.923282	-1.3033385	ZC3H15	zinc finger CCCH-type containing 15
219105_x_at	5.4e-07	8.95e-09	-6.800304	9.909483	-1.1297395	ORC6	origin recognition complex subunit 6
221685_s_at	5.65e-07	9.49e-09	-6.784683	9.852724	-1.3012163	SPDL1	spindle apparatus coiled-coil protein 1
222036_s_at	5.96e-07	1.01e-08	-6.768825	9.795116	-1.2860951	MCM4	minichromosome maintenance complex component 4
213523_at	6.39e-07	1.11e-08	-6.74297	9.701202	-1.2734024	CCNE1	cyclin E1
205167_s_at	8.22e-07	1.49e-08	-6.663143	9.411398	-1.2720369	CDC25C	cell division cycle 25C
218542_at	8.59e-07	1.58e-08	-6.647829	9.355829	-1.413382	CEP55	centrosomal protein 55
201896_s_at	9.45e-07	1.78e-08	-6.616092	9.240698	-0.9870305	PSRC1	proline and serine rich coiled-coil 1
203362_s_at	1.07e-06	2.06e-08	-6.575906	9.094984	-1.2679257	MAD2L1	MAD2 mitotic arrest deficient-like 1 (yeast)
204641_at	1.07e-06	2.07e-08	-6.574978	9.091621	-1.7219488	NEK2	NIMA related kinase 2
203209_at	1.23e-06	2.44e-08	-6.530373	8.929976	-0.7207853	RFC5	replication factor C subunit 5
218585_s_at	1.26e-06	2.5e-08	-6.524097	8.90724	-1.5418792	DTL	denticleless E3 ubiquitin protein ligase homolog
219758_at	1.27e-06	2.56e-08	-6.517664	8.883938	-1.2334555	TTC26	tetratricopeptide repeat domain 26
202705_at	1.29e-06	2.61e-08	-6.512595	8.865578	-1.266669	CCNB2	cyclin B2
219549_s_at	1.29e-06	2.64e-08	-6.509335	8.853768	-0.8792263	RTN3	reticulon 3
221778_at	1.34e-06	2.75e-08	-6.498367	8.814051	-0.8599938	KDM7A	lysine demethylase 7A
214830_at	1.52e-06	3.2e-08	-6.457697	8.666827	-1.0945871	SLC38A6	solute carrier family 38 member 6
213741_s_at	1.57e-06	3.36e-08	-6.444353	8.618546	-0.8569385	KPNA1	karyopherin subunit alpha 1
213599_at	1.57e-06	3.37e-08	-6.443535	8.615587	-1.1223944	OIP5	Opa interacting protein 5
221752_at	1.58e-06	3.4e-08	-6.441179	8.607063	-0.6815741	SSH1	slingshot protein phosphatase 1
205003_at	1.59e-06	3.44e-08	-6.438236	8.596415	-0.9273562	DOCK4	dedicator of cytokinesis 4
219148_at	1.71e-06	3.76e-08	-6.414114	8.509171	-1.35962	PBK	PDZ binding kinase
209773_s_at	1.72e-06	3.8e-08	-6.41163	8.50019	-1.6592564	RRM2	ribonucleotide reductase regulatory subunit M2
221500_s_at	2.05e-06	4.71e-08	-6.353585	8.290415	-0.8980397	STX16	syntaxin 16
212030_at	2.06e-06	4.74e-08	-6.351968	8.284576	-1.255904	RBM25	RNA binding motif protein 25
218663_at	2.11e-06	4.88e-08	-6.344166	8.256396	-1.0545317	NCAPG	non-SMC condensin I complex subunit G
219002_at	2.22e-06	5.22e-08	-6.325949	8.190621	-0.8129756	FASTKD1	FAST kinase domains 1
218781_at	2.31e-06	5.52e-08	-6.310802	8.135947	-1.1143725	SMC6	structural maintenance of chromosomes 6
201433_s_at	2.34e-06	5.65e-08	-6.30453	8.113313	-0.7680044	PTDSS1	phosphatidylserine synthase 1
210779_x_at	2.39e-06	5.81e-08	-6.297165	8.08674	-0.8576277	GEMIN2	gem nuclear organelle associated protein 2
218027_at	2.42e-06	5.89e-08	-6.293504	8.073532	-0.9348031	MRPL15	mitochondrial ribosomal protein L15
201764_at	2.51e-06	6.19e-08	-6.279905	8.024478	-1.5427733	TMEM106C	transmembrane protein 106C
219306_at	2.51e-06	6.21e-08	-6.279196	8.021921	-1.1924805	KIF15	kinesin family member 15
208875_s_at	2.53e-06	6.29e-08	-6.275681	8.009242	-1.070763	PAK2	p21 (RAC1) activated kinase 2
201930_at	2.66e-06	6.63e-08	-6.261537	7.958243	-1.279531	MCM6	minichromosome maintenance complex component 6
212282_at	2.87e-06	7.39e-08	-6.232097	7.852143	-1.0445482	TMEM97	transmembrane protein 97
204822_at	3.02e-06	7.85e-08	-6.2159	7.793798	-1.2557047	TTK	TTK protein kinase
204033_at	3.07e-06	8e-08	-6.210766	7.77531	-0.8594328	TRIP13	thyroid hormone receptor interactor 13
209836_x_at	3.47e-06	9.29e-08	-6.17017	7.629192	-1.0715083	BOLA2B///BOLA2	bolA family member 2B///bolA family member 2
213253_at	3.52e-06	9.52e-08	-6.163767	7.60616	-1.0677945	SMC2	structural maintenance of chromosomes 2
203432_at	3.75e-06	1.04e-07	-6.140488	7.52245	-0.9018415	TMPO	thymopoietin
218662_s_at	4.26e-06	1.21e-07	-6.097687	7.36867	-1.2655659	NCAPG	non-SMC condensin I complex subunit G
218304_s_at	4.44e-06	1.28e-07	-6.082455	7.313986	-0.693623	OSBPL11	oxysterol binding protein like 11
204700_x_at	4.91e-06	1.45e-07	-6.049629	7.196215	-0.7806746	DIEXF	digestive organ expansion factor homolog (zebrafish)
210896_s_at	5.05e-06	1.5e-07	-6.039622	7.160335	-1.0932431	ASPH	aspartate beta-hydroxylase
202969_at	5.06e-06	1.51e-07	-6.038683	7.15697	-0.9789658	DYRK2	dual specificity tyrosine phosphorylation regulated kinase 2
214710_s_at	5.4e-06	1.63e-07	-6.017317	7.080397	-1.2830194	CCNB1	cyclin B1
205394_at	6.54e-06	2.04e-07	-5.956706	6.863446	-0.9102429	CHEK1	checkpoint kinase 1
205046_at	6.85e-06	2.14e-07	-5.943355	6.815711	-1.3498057	CENPE	centromere protein E
217789_at	7.22e-06	2.28e-07	-5.926142	6.754199	-1.5597939	SNX6	sorting nexin 6
219035_s_at	7.82e-06	2.52e-07	-5.899256	6.658187	-0.6842792	RNF34	ring finger protein 34
207332_s_at	8.41e-06	2.75e-07	-5.875701	6.574142	-1.2552309	TFRC	transferrin receptor
209517_s_at	8.7e-06	2.87e-07	-5.863725	6.531438	-0.7071371	ASH2L	ASH2 like histone lysine methyltransferase complex subunit
208691_at	8.95e-06	2.98e-07	-5.854097	6.497115	-1.2612606	TFRC	transferrin receptor
205034_at	9.33e-06	3.13e-07	-5.840588	6.448982	-1.0583617	CCNE2	cyclin E2
212973_at	9.5e-06	3.21e-07	-5.833919	6.425229	-0.8727211	RPIA	ribose 5-phosphate isomerase A
216843_x_at	1.03e-05	3.55e-07	-5.805798	6.325128	-0.5377461	PMS2P1	PMS1 homolog 2, mismatch repair system component pseudogene 1
205588_s_at	1.05e-05	3.63e-07	-5.799806	6.303814	-1.2291612	FGFR1OP	FGFR1 oncogene partner
222136_x_at	1.06e-05	3.66e-07	5.797904	6.297047	1.2197789	ZNF729///ZNF43	zinc finger protein 729///zinc finger protein 43
200844_s_at	1.07e-05	3.71e-07	-5.794264	6.284103	-0.9877683	PRDX6	peroxiredoxin 6
209714_s_at	1.1e-05	3.82e-07	-5.786347	6.255951	-1.2610871	CDKN3	cyclin dependent kinase inhibitor 3
207735_at	1.12e-05	3.92e-07	-5.77877	6.229017	-0.9745393	RNF125	ring finger protein 125
201890_at	1.17e-05	4.11e-07	-5.765746	6.182738	-1.9110162	RRM2	ribonucleotide reductase regulatory subunit M2
211762_s_at	1.31e-05	4.72e-07	-5.728019	6.04881	-1.3087353	KPNA2	karyopherin subunit alpha 2
217457_s_at	1.43e-05	5.26e-07	-5.698572	5.944412	-0.9515899	RAP1GDS1	Rap1 GTPase-GDP dissociation stimulator 1
201548_s_at	1.47e-05	5.46e-07	-5.688409	5.908411	-0.7058848	KDM5B	lysine demethylase 5B
34689_at	1.62e-05	6.08e-07	5.65901	5.804351	0.8904791	ATRIP///TREX1	ATR interacting protein///three prime repair exonuclease 1
218559_s_at	1.79e-05	6.86e-07	-5.625862	5.687179	-1.2199691	MAFB	MAF bZIP transcription factor B
201702_s_at	1.87e-05	7.39e-07	5.605203	5.614235	1.22744	PPP1R10	protein phosphatase 1 regulatory subunit 10
201266_at	1.91e-05	7.54e-07	-5.599564	5.594335	-0.838796	TXNRD1	thioredoxin reductase 1
219162_s_at	2.36e-05	9.87e-07	-5.52561	5.33384	-1.0880301	MRPL11	mitochondrial ribosomal protein L11
203213_at	2.69e-05	1.16e-06	-5.480402	5.175038	-1.5324422	CDK1	cyclin dependent kinase 1
221922_at	2.73e-05	1.19e-06	-5.474547	5.154497	-1.1570512	GPSM2	G-protein signaling modulator 2
209709_s_at	3.52e-05	1.65e-06	-5.383989	4.837563	-1.1086304	HMMR	hyaluronan mediated motility receptor
202870_s_at	3.6e-05	1.69e-06	-5.376692	4.812088	-1.3469948	CDC20	cell division cycle 20
37005_at	4.61e-05	2.26e-06	5.296075	4.53133	1.2942492	MINOS1-NBL1///NBL1	MINOS1-NBL1 readthrough///neuroblastoma 1, DAN family BMP antagonist
35626_at	4.95e-05	2.47e-06	5.27156	4.446203	1.0135323	SGSH	N-sulfoglucosamine sulfohydrolase
218726_at	5.38e-05	2.76e-06	-5.240716	4.339273	-1.2821422	HJURP	Holliday junction recognition protein
212141_at	5.58e-05	2.92e-06	-5.224597	4.283467	-1.3061151	MCM4	minichromosome maintenance complex component 4
200729_s_at	5.85e-05	3.1e-06	-5.207938	4.225848	-1.02491	ACTR2	ARP2 actin related protein 2 homolog
219493_at	6.16e-05	3.31e-06	-5.189216	4.161165	-1.0188367	SHCBP1	SHC binding and spindle associated 1
205047_s_at	6.5e-05	3.54e-06	-5.170525	4.096663	-1.1796597	ASNS	asparagine synthetase (glutamine-hydrolyzing)
212775_at	6.58e-05	3.59e-06	5.166415	4.082487	1.5210713	OBSL1	obscurin like 1
209355_s_at	6.76e-05	3.73e-06	5.156284	4.047568	1.3062707	PLPP3	phospholipid phosphatase 3
204887_s_at	8.25e-05	4.77e-06	-5.087134	3.809807	-1.1238986	PLK4	polo like kinase 4
201562_s_at	8.27e-05	4.78e-06	5.086303	3.806959	1.2881606	SORD	sorbitol dehydrogenase
212154_at	8.34e-05	4.84e-06	-5.08274	3.794737	-1.4698374	SDC2	syndecan 2
201621_at	8.71e-05	5.12e-06	5.06672	3.739826	1.7727512	NBL1	neuroblastoma 1, DAN family BMP antagonist
202153_s_at	8.76e-05	5.16e-06	-5.064554	3.732404	-1.3190012	NUP62	nucleoporin 62
204675_at	1e-04	6.09e-06	-5.018085	3.573482	-1.0900577	SRD5A1	steroid 5 alpha-reductase 1
212226_s_at	1e-04	6.09e-06	5.018052	3.573369	1.036766	PLPP3	phospholipid phosphatase 3
201818_at	0.00012	7.65e-06	-4.953235	3.35256	-1.2634764	LPCAT1	lysophosphatidylcholine acyltransferase 1
203129_s_at	0.000123	7.94e-06	4.942881	3.317382	1.2958944	KIF5C	kinesin family member 5C
39966_at	0.000124	8.01e-06	-4.940144	3.308086	-1.1196698	CSPG5	chondroitin sulfate proteoglycan 5
204026_s_at	0.000137	9.06e-06	-4.905397	3.190253	-1.3457795	ZWINT	ZW10 interacting kinetochore protein
218308_at	0.000141	9.4e-06	-4.894698	3.154033	-1.3517622	TACC3	transforming acidic coiled-coil containing protein 3
204159_at	0.000151	1.02e-05	-4.871283	3.074868	-1.0505338	CDKN2C	cyclin dependent kinase inhibitor 2C
203628_at	0.000155	1.06e-05	4.860493	3.038436	1.6803401	IGF1R	insulin like growth factor 1 receptor
200783_s_at	0.000158	1.08e-05	-4.855864	3.022814	-1.0088835	STMN1	stathmin 1
202338_at	0.000172	1.2e-05	-4.824927	2.918562	-1.2643713	TK1	thymidine kinase 1
204256_at	0.000205	1.49e-05	-4.762668	2.709542	-1.0696503	ELOVL6	ELOVL fatty acid elongase 6
204162_at	0.000245	1.86e-05	-4.698719	2.49597	-1.0454728	NDC80	NDC80, kinetochore complex component
203682_s_at	0.000269	2.09e-05	4.665918	2.386879	1.0637025	IVD	isovaleryl-CoA dehydrogenase
219694_at	0.000309	2.47e-05	-4.616503	2.223127	-1.1574367	FAM105A	family with sequence similarity 105 member A
207165_at	0.000889	9.37e-05	-4.223245	0.947934	-1.2012396	HMMR	hyaluronan mediated motility receptor
209053_s_at	0.000987	0.000107	-4.184557	0.825401	-1.0003468	WHSC1	Wolf-Hirschhorn syndrome candidate 1
218720_x_at	0.00106	0.000118	4.153908	0.728728	1.0274028	SEZ6L2	seizure related 6 homolog like 2
205613_at	0.00107	0.000118	4.152704	0.724938	1.353936	SYT17	synaptotagmin 17
221521_s_at	0.0015	0.00018	-4.024643	0.325029	-1.3257694	GINS2	GINS complex subunit 2
210074_at	0.00224	0.000303	-3.864148	-0.166698	-1.0370666	CTSV	cathepsin V
212680_x_at	0.00328	0.000488	-3.713358	-0.618445	-1.0626912	PPP1R14B	protein phosphatase 1 regulatory inhibitor subunit 14B
213228_at	0.00411	0.00065	3.621765	-0.887713	1.2900578	PDE8B	phosphodiesterase 8B
201998_at	0.00522	0.000888	3.520169	-1.181629	1.2286198	ST6GAL1	ST6 beta-galactoside alpha-2,6-sialyltransferase 1
201481_s_at	0.00999	0.00205	3.241445	-1.96063	1.0326578	PYGB	phosphorylase, glycogen; brain
211458_s_at	0.0138	0.00308	3.099888	-2.33988	1.0044379	GABARAPL3///GABARAPL1	GABA type A receptor associated protein like 3 pseudogene///GABA type A receptor associated protein like 1
206626_x_at	0.0145	0.00329	-3.077114	-2.399807	-1.0034744	SSX1	SSX family member 1
