	x
GSM799468_CL2003022549AA_215.CEL	0
GSM799469_CL2003022550AA_223.CEL	0
GSM799470_CL2003022558AA_358.CEL	0
GSM799471_CL2003022559AA_361.CEL	0
GSM799472_CL2003022560AA_368.CEL	0
GSM799473_CL2003022561AA_371.CEL	0
GSM799474_CL2003022551AA_224A.CEL	0
GSM799475_CL2003022552AA_224B.CEL	0
GSM799476_CL2003022553AA_228A.CEL	0
GSM799477_CL2003022554AA_228B.CEL	0
GSM799478_CL2003022555AA_319A.CEL	0
GSM799479_CL2003022562AA_418A.CEL	0
GSM799480_CL2003022563AA_418B.CEL	0
GSM799481_CL2003022564AA_419A.CEL	0
GSM799482_CL2003022565AA_419B.CEL	0
GSM799483_CL2003110501AA_580A.CEL	0
GSM799484_CL2003110502AA_580B.CEL	0
GSM799485_CL2003110507AA_553A.CEL	0
GSM799486_CL2003110508AA_553B.CEL	0
GSM799487_CL20040123316AA_316.CEL	0
GSM799488_CL20040123317AA_317R.CEL	0
GSM799489_CL20040123326AA_326.CEL	0
GSM799490_CL2004012114AA.CEL	1
GSM799491_CL2004012124AA.CEL	1
GSM799492_CL2004012125AA.CEL	1
GSM799493_CL2004012127AA.CEL	1
GSM799494_CL2004012128AA.CEL	1
GSM799495_CL2004012131AA.CEL	1
GSM799496_CL2004012136AA.CEL	1
GSM799497_CL2004012139AA.CEL	1
GSM799498_CL2004012145AA.CEL	1
GSM799499_CL2004012149AA.CEL	1
GSM799500_CL2004012150AA.CEL	1
GSM799501_CL2004012151AA.CEL	1
GSM799502_CL2004012152AA.CEL	1
GSM799503_CL2004012153AA.CEL	1
GSM799504_CL2004012154AA.CEL	1
GSM799505_CL2004012155AA.CEL	1
GSM799506_CL2004012157AA.CEL	1
GSM799507_CL2004012160AA.CEL	1
GSM799508_CL2004012164AA.CEL	1
GSM799509_CL2004012366AA.CEL	1
GSM799510_CL2004012367AA.CEL	1
GSM799511_CL2004012371AA.CEL	1
GSM799512_CL2004012374AA.CEL	1
GSM799513_CL2004012379AA.CEL	1
GSM799514_CL20040123108AA.CEL	1
GSM799515_CL20040123117AA.CEL	1
GSM799516_CL20040123118AA.CEL	1
GSM799517_CL20040123122AA.CEL	1
GSM799518_CL20040123125AA.CEL	1
